uniform	1	6420	1847220853742522736
small	3	12584	1423817789757202957
large_sparse	33	15768	4716836515074895590
direct	1	11026	12588802205554234362
dense_hot	1	6427	2651225571588676717
no_sky	2	5971	10019589368023969278
partial	1	6171	15043985073297189950
recipient	1	6420	1847220853742522736
empty	0	270	12402003977495308386
all_sections	65535	172369	1283603470282576175
mutated	1	6427	15611700416713746658
air	1	6419	263649329625041173
local_15	1	6434	8727265849585764065
local_16	1	6947	4444123425795182076
local_32	1	7475	8674889682041208090
local_128	1	8597	3048633088200863718
local_255	1	8851	11958437815397727443
direct_256	1	11026	13548197630412659962
